{"Host: ": ["Amy Poehler", "Tina Fey"], "best original song": {"Presenters": ["Original Song ", "Original Score "], "Nominees": ["Taylor ", "Adele Skyfall ", "Love ", "Tune ", "Jon Bon Jovi "], "Winner": "Love "}, "best supporting actor": {"Presenters": ["Bradley ", "Maggie Smith Downton Abbey "], "Nominees": ["Tommy Lee Jones ", "Les Miserables ", "Anne Hathaway ", "Christoph Waltz ", "Leonardo DiCaprio "], "Winner": "Christoph Waltz "}, "best supporting actress": {"Presenters": ["Bradley ", "Maggie Smith Downton Abbey "], "Nominees": ["Christoph Waltz ", "Michael Cinco ", "Leonardo DiCaprio ", "Les Miserables ", "Anne Hathaway "], "Winner": "Anne Hathaway "}, "best director motion picture": {"Presenters": ["Halle ", "Berry "], "Nominees": ["Ang Lee ", "Paul Thomas Anderson ", "Orson Welles ", "Steven Spielberg ", "Ben Affleck "], "Winner": "Ben Affleck "}, "best motion picture": {"Presenters": ["Julia ", "Lincoln "], "Nominees": ["Argo ", "Lincoln ", "Les Miserables ", "Bill ", "Clinton "], "Winner": "Les Miserables "}, "best actress motion picture comedy or musical": {"Presenters": ["Michele ", "Danes "], "Nominees": ["Silver Linings ", "Jessica Chastain ", "Linings Playbook ", "Silver Linings Playbook ", "Jennifer Lawrence "], "Winner": "Silver Linings "}, "best original score": {"Presenters": ["Yeah Original Score ", "Original Score "], "Nominees": ["Cloud Atlas Sextet ", "Love ", "Life Pi ", "Tune ", "Jon Bon Jovi "], "Winner": "Life Pi "}, "best actor drama": {"Presenters": "", "Nominees": [], "Winner": ""}, "best song at the golden globes": {"Presenters": ["Kanye "], "Nominees": ["Adele ", "Taylor Swift ", "Coffins ", "Sound ", "Skyfall "], "Winner": "Adele "}, "best costume design": {"Presenters": "", "Nominees": [], "Winner": ""}, "best original screenplay": {"Presenters": ["Original Song ", "Original Score "], "Nominees": ["Adele Skyfall ", "Love ", "Quentin ", "Tune ", "Jon Bon Jovi "], "Winner": "Quentin "}}