{"hosts": ["amy poehler", "tina fey"], "award_data": {"best screenplay - motion picture": {"nominees": ["the grand budapest hotel", "gone girl", "boyhood", "the imitation game"], "presenters": ["bill hader", "kristen wiig"], "winner": "birdman"}, "best director - motion picture": {"nominees": ["wes anderson", "ava duvernay", "david fincher", "alejandro inarritu gonzalez"], "presenters": ["harrison ford"], "winner": "richard linklater"}, "best performance by an actress in a television series - comedy or musical": {"nominees": ["lena dunham", "edie falco", "julia louis-dreyfus", "taylor schilling"], "presenters": ["bryan cranston", "kerry washington"], "winner": "gina rodriguez"}, "best foreign language film": {"nominees": ["force majeure", "gett: the trial of viviane amsalem", "ida", "tangerines"], "presenters": ["colin farrell", "lupita nyong'o"], "winner": "leviathan"}, "best performance by an actor in a supporting role in a motion picture": {"nominees": ["robert duvall", "edward norton", "mark ruffalo"], "presenters": ["jennifer aniston", "benedict cumberbatch"], "winner": "j.k. simmons"}, "best performance by an actress in a supporting role in a series, mini-series or motion picture made for television": {"nominees": ["uzo aduba", "kathy bates", "allison janney", "michelle monaghan"], "presenters": ["jamie dornan", "dakota johnson"], "winner": "joanne froggatt"}, "best motion picture - comedy or musical": {"nominees": ["birdman", "into the woods", "pride", "st. vincent"], "presenters": ["robert downey, jr."], "winner": "the grand budapest hotel"}, "best performance by an actress in a motion picture - comedy or musical": {"nominees": ["emily blunt", "helen mirren", "julianne moore", "quvenzhane wallis"], "presenters": ["ricky gervais"], "winner": "amy adams"}, "best mini-series or motion picture made for television": {"nominees": ["the missing", "the normal heart", "olive kitteridge", "true detective"], "presenters": ["jennifer lopez", "jeremy renner"], "winner": "fargo"}, "best original score - motion picture": {"nominees": ["the imitation game", "birdman", "gone girl", "interstellar"], "presenters": ["sienna miller", "vince vaughn"], "winner": "the theory of everything"}, "best performance by an actress in a television series - drama": {"nominees": ["claire danes", "viola davis", "julianna margulies", "robin wright"], "presenters": ["anna faris", "chris pratt"], "winner": "ruth wilson"}, "best performance by an actress in a motion picture - drama": {"nominees": ["jennifer aniston", "felicity jones", "rosamund pike", "reese witherspoon"], "presenters": ["matthew mcconaughey"], "winner": "julianne moore"}, "cecil b. demille award": {"nominees": [], "presenters": ["don cheadle", "julianna margulies"], "winner": "george clooney"}, "best performance by an actor in a motion picture - comedy or musical": {"nominees": ["ralph fiennes", "bill murray", "joaquin phoenix", "christoph waltz"], "presenters": ["amy adams"], "winner": "michael keaton"}, "best motion picture - drama": {"nominees": ["foxcatcher", "the imitation game", "selma", "the theory of everything"], "presenters": ["meryl streep"], "winner": "boyhood"}, "best performance by an actor in a supporting role in a series, mini-series or motion picture made for television": {"nominees": ["alan cumming", "colin hanks", "bill murray", "jon voight"], "presenters": ["katie holmes", "seth meyers"], "winner": "matt bomer"}, "best performance by an actress in a supporting role in a motion picture": {"nominees": ["jessica chastain", "keira knightley", "emma stone", "meryl streep"], "presenters": ["jared leto"], "winner": "patricia arquette"}, "best television series - drama": {"nominees": ["downton abbey (masterpiece)", "game of thrones", "the good wife", "house of cards"], "presenters": ["adam levine", "paul rudd"], "winner": "the affair"}, "best performance by an actor in a mini-series or motion picture made for television": {"nominees": ["martin freeman", "woody harrelson", "matthew mcconaughey", "mark ruffalo"], "presenters": ["jennifer lopez", "jeremy renner"], "winner": "billy bob thornton"}, "best performance by an actress in a mini-series or motion picture made for television": {"nominees": ["jessica lange", "frances mcdormand", "frances o'connor", "allison tolman"], "presenters": ["kate beckinsale", "adrien brody"], "winner": "maggie gyllenhaal"}, "best animated feature film": {"nominees": ["big hero 6", "the book of life", "the boxtrolls", "the lego movie"], "presenters": ["kevin hart", "salma hayek"], "winner": "how to train your dragon 2"}, "best original song - motion picture": {"nominees": ["big eyes", "noah", "annie", "the hunger games: mockingjay - part 1"], "presenters": ["prince"], "winner": "selma"}, "best performance by an actor in a motion picture - drama": {"nominees": ["steve carell", "benedict cumberbatch", "jake gyllenhaal", "david oyelowo"], "presenters": ["gwyneth paltrow"], "winner": "eddie redmayne"}, "best television series - comedy or musical": {"nominees": ["girls", "jane the virgin", "orange is the new black", "silicon valley"], "presenters": ["bryan cranston", "kerry washington"], "winner": "transparent"}, "best performance by an actor in a television series - drama": {"nominees": ["clive owen", "liev schreiber", "james spader", "dominic west"], "presenters": ["david duchovny", "katherine heigl"], "winner": "kevin spacey"}, "best performance by an actor in a television series - comedy or musical": {"nominees": ["louis c.k.", "don cheadle", "ricky gervais", "william h. macy"], "presenters": ["jane fonda", "lily tomlin"], "winner": "jeffrey tambor"}}}